{"cameraMode":{"drawMode":0,"name":"Shaded","section":"Shading Mode"},"sceneLighting":true,"audioPlay":false,"sceneViewState":{"m_AlwaysRefresh":false,"showFog":true,"showSkybox":true,"showFlares":true,"showImageEffects":true,"showParticleSystems":true,"showVisualEffectGraphs":true,"m_FxEnabled":true},"in2DMode":false,"pivot":{"x":-0.8484327793121338,"y":0.49124157428741457,"z":0.37932682037353518},"rotation":{"x":-0.4334719181060791,"y":0.039717044681310657,"z":-0.019127335399389268,"w":-0.9000898003578186},"size":5.8124871253967289,"orthographic":false}